<?xml version="1.0"?>
<data grt_format="2.0">
  <value _ptr_="0x60000060e580" type="list" content-type="object" content-struct-name="db.mgmt.Connection">
    <value type="object" struct-name="db.mgmt.Connection" id="D2B17719-8A40-4176-9B09-1F9AD401AFBC" struct-checksum="0x96ba47d8">
      <link type="object" struct-name="db.mgmt.Driver" key="driver">com.mysql.rdbms.mysql.driver.native</link>
      <value type="string" key="hostIdentifier">Mysql@localhost:3306</value>
      <value type="int" key="isDefault">0</value>
      <value _ptr_="0x6000006dfe40" type="dict" key="modules"/>
      <value _ptr_="0x6000006dfea0" type="dict" key="parameterValues">
        <value type="string" key="SQL_MODE"></value>
        <value type="string" key="hostName">localhost</value>
        <value type="int" key="lastConnected">1605890016</value>
        <value type="string" key="password"></value>
        <value type="int" key="port">3306</value>
        <value type="string" key="schema"></value>
        <value type="string" key="serverVersion"></value>
        <value type="string" key="sslCA"></value>
        <value type="string" key="sslCert"></value>
        <value type="string" key="sslCipher"></value>
        <value type="string" key="sslKey"></value>
        <value type="int" key="useSSL">1</value>
        <value type="string" key="userName">root</value>
      </value>
      <value type="string" key="name">Local instance 3306</value>
      <link type="object" struct-name="GrtObject" key="owner">087FFBA7-6471-4277-969F-CC3EE14319AC</link>
    </value>
    <value type="object" struct-name="db.mgmt.Connection" id="B4A8FDC8-17FD-431F-B272-8C8968D9DA36" struct-checksum="0x96ba47d8">
      <link type="object" struct-name="db.mgmt.Driver" key="driver">com.mysql.rdbms.mysql.driver.native</link>
      <value type="string" key="hostIdentifier">Mysql@127.0.0.1:3306</value>
      <value type="int" key="isDefault">1</value>
      <value _ptr_="0x6000006dff00" type="dict" key="modules"/>
      <value _ptr_="0x6000006dff60" type="dict" key="parameterValues">
        <value type="string" key="DbSqlEditor:LastDefaultSchema">coreBanking</value>
        <value type="string" key="SQL_MODE"></value>
        <value type="string" key="hostName">127.0.0.1</value>
        <value type="int" key="lastConnected">1605953755</value>
        <value type="string" key="password"></value>
        <value type="int" key="port">3306</value>
        <value type="string" key="schema"></value>
        <value type="string" key="serverVersion">8.0.22</value>
        <value type="string" key="sslCA"></value>
        <value type="string" key="sslCert"></value>
        <value type="string" key="sslCipher"></value>
        <value type="string" key="sslKey"></value>
        <value type="int" key="useSSL">1</value>
        <value type="string" key="userName">root</value>
      </value>
      <value type="string" key="name">mysql_80</value>
      <link type="object" struct-name="GrtObject" key="owner">087FFBA7-6471-4277-969F-CC3EE14319AC</link>
    </value>
    <value type="object" struct-name="db.mgmt.Connection" id="F1F38E64-F8AB-406B-837E-D4BB1CCE0015" struct-checksum="0x96ba47d8">
      <link type="object" struct-name="db.mgmt.Driver" key="driver">com.mysql.rdbms.mysql.driver.native</link>
      <value type="string" key="hostIdentifier">Mysql@127.0.0.1:3306</value>
      <value type="int" key="isDefault">0</value>
      <value _ptr_="0x600000607c60" type="dict" key="modules"/>
      <value _ptr_="0x600000607c00" type="dict" key="parameterValues">
        <value type="string" key="SQL_MODE"></value>
        <value type="string" key="hostName">127.0.0.1</value>
        <value type="int" key="lastConnected">1605889052</value>
        <value type="string" key="password"></value>
        <value type="int" key="port">3306</value>
        <value type="string" key="schema"></value>
        <value type="string" key="serverVersion"></value>
        <value type="string" key="sslCA"></value>
        <value type="string" key="sslCert"></value>
        <value type="string" key="sslCipher"></value>
        <value type="string" key="sslKey"></value>
        <value type="int" key="useSSL">1</value>
        <value type="string" key="userName">mysql_80</value>
      </value>
      <value type="string" key="name">mysql_80_2</value>
      <link type="object" struct-name="GrtObject" key="owner">087FFBA7-6471-4277-969F-CC3EE14319AC</link>
    </value>
  </value>
</data>
