<?xml version="1.0"?>
<data grt_format="2.0">
  <value _ptr_="0x60000060e5e0" type="list" content-type="object" content-struct-name="db.mgmt.ServerInstance">
    <value type="object" struct-name="db.mgmt.ServerInstance" id="D84FE5F0-3625-4B3A-A260-A6EBCD42F9FB" struct-checksum="0x367436e2">
      <link type="object" struct-name="db.mgmt.Connection" key="connection">D2B17719-8A40-4176-9B09-1F9AD401AFBC</link>
      <value _ptr_="0x6000006df660" type="dict" key="loginInfo"/>
      <value _ptr_="0x6000006df600" type="dict" key="serverInfo">
        <value type="string" key="basedir">/usr/local/mysql-8.0.22-macos10.15-x86_64/</value>
        <value type="string" key="datadir">/usr/local/mysql/data/</value>
        <value type="string" key="detected_os_name">Mac OS X</value>
        <value type="string" key="detected_os_type">darwin</value>
        <value type="string" key="detected_os_variant">Mac OS X</value>
        <value type="string" key="detected_os_version">10.15.7</value>
        <value type="string" key="errorLogFilePath">/usr/local/mysql/data/mysqld.local.err</value>
        <value type="string" key="generalLogFilePath">/usr/local/mysql/data/Mac-mini.log</value>
        <value type="string" key="serverVersion">8.0.22</value>
        <value type="int" key="setupPending">0</value>
        <value type="string" key="slowLogFilePath">/usr/local/mysql/data/Mac-mini-slow.log</value>
        <value type="string" key="sys.config.path"></value>
        <value type="string" key="sys.config.section">mysqld</value>
        <value type="string" key="sys.preset">Custom</value>
        <value type="string" key="sys.sudo"></value>
        <value type="string" key="sys.system">macOS</value>
        <value type="int" key="sys.usesudo">0</value>
        <value type="int" key="sys.usesudostatus">0</value>
      </value>
      <value type="string" key="name">Local 3306</value>
    </value>
    <value type="object" struct-name="db.mgmt.ServerInstance" id="1821ED88-78FA-459C-AFF3-99415DD01E54" struct-checksum="0x367436e2">
      <link type="object" struct-name="db.mgmt.Connection" key="connection">B4A8FDC8-17FD-431F-B272-8C8968D9DA36</link>
      <value _ptr_="0x6000006df5a0" type="dict" key="loginInfo">
        <value type="string" key="ssh.hostName"></value>
        <value type="string" key="ssh.key">~/.ssh/ssh_private_key</value>
        <value type="string" key="ssh.localPort">3306</value>
        <value type="int" key="ssh.useKey">0</value>
        <value type="string" key="ssh.userName">mysql</value>
      </value>
      <value _ptr_="0x6000006df540" type="dict" key="serverInfo">
        <value type="string" key="basedir">/usr/local/mysql-8.0.22-macos10.15-x86_64/</value>
        <value type="string" key="datadir">/usr/local/mysql/data/</value>
        <value type="string" key="detected_os_name">Mac OS X</value>
        <value type="string" key="detected_os_type">darwin</value>
        <value type="string" key="detected_os_variant">Mac OS X</value>
        <value type="string" key="detected_os_version">10.15.7</value>
        <value type="string" key="errorLogFilePath">/usr/local/mysql/data/mysqld.local.err</value>
        <value type="string" key="generalLogFilePath">/usr/local/mysql/data/Mac-mini.log</value>
        <value type="string" key="serverVersion">8.0.22</value>
        <value type="int" key="setupPending">0</value>
        <value type="string" key="slowLogFilePath">/usr/local/mysql/data/Mac-mini-slow.log</value>
        <value type="string" key="sys.config.path">~/sandboxes/msb_|Enter version here|/my.sandbox.cnf</value>
        <value type="string" key="sys.config.section">mysqld</value>
        <value type="string" key="sys.mysqld.start">~/sandboxes/msb_|Enter version here|/start</value>
        <value type="string" key="sys.mysqld.stop">~/sandboxes/msb_|Enter version here|/stop</value>
        <value type="string" key="sys.sudo"></value>
        <value type="string" key="sys.system">macOS</value>
        <value type="int" key="sys.usesudo">0</value>
        <value type="int" key="sys.usesudostatus">0</value>
      </value>
      <value type="string" key="name">mysql_80</value>
    </value>
    <value type="object" struct-name="db.mgmt.ServerInstance" id="2FE78CD1-5598-4D20-B70A-8DC05AD87C76" struct-checksum="0x367436e2">
      <link type="object" struct-name="db.mgmt.Connection" key="connection">F1F38E64-F8AB-406B-837E-D4BB1CCE0015</link>
      <value _ptr_="0x6000006df4e0" type="dict" key="loginInfo">
        <value type="string" key="ssh.hostName"></value>
        <value type="string" key="ssh.key">~/.ssh/ssh_private_key</value>
        <value type="string" key="ssh.localPort">3306</value>
        <value type="int" key="ssh.useKey">0</value>
        <value type="string" key="ssh.userName">mysql</value>
      </value>
      <value _ptr_="0x6000006df480" type="dict" key="serverInfo">
        <value type="string" key="serverVersion">8.0</value>
        <value type="int" key="setupPending">1</value>
        <value type="string" key="sys.config.path">~/sandboxes/msb_|Enter version here|/my.sandbox.cnf</value>
        <value type="string" key="sys.config.section">mysqld</value>
        <value type="string" key="sys.mysqld.start">~/sandboxes/msb_|Enter version here|/start</value>
        <value type="string" key="sys.mysqld.stop">~/sandboxes/msb_|Enter version here|/stop</value>
        <value type="string" key="sys.system">macOS</value>
        <value type="int" key="sys.usesudo">0</value>
      </value>
      <value type="string" key="name">mysql_80_2</value>
    </value>
  </value>
</data>
